UF do diagnóstico,0 a 19 anos,20 a 24 anos,25 a 29 anos,30 a 34 anos,35 a 39 anos,40 a 44 anos,45 a 49 anos,50 a 54 anos,55 a 59 anos,60 a 64 anos,65 a 69 anos,70 a 74 anos,75 a 79 anos,80 anos e mais,Total
Sergipe,67,47,78,106,138,216,261,306,350,325,353,260,189,171,2.867
Rio Grande do Norte,484,309,416,606,901,1.033,1.160,1.341,1.424,1.368,1.256,1.161,822,937,13.218
Alagoas,381,294,368,482,610,810,756,869,896,901,789,600,408,378,8.542
Bahia,586,323,420,733,1.098,1.487,1.628,1.969,2.218,2.379,2.319,1.824,1.292,1.255,19.531
Ceará,714,722,877,992,1.310,1.679,1.939,2.363,2.782,2.850,2.743,2.435,1.677,1.813,24.896
Maranhão,568,378,497,700,857,964,976,1.076,1.091,1.162,1.129,855,590,555,11.398
Paraíba,218,123,137,223,301,467,562,722,852,780,749,743,549,516,6.942
Pernambuco,907,481,625,894,1.229,1.523,1.761,2.011,2.126,2.343,2.062,1.773,1.032,1.032,19.799
Piauí,163,76,91,142,230,314,342,409,509,531,477,415,299,250,4.248